filename,object_location,image_small,image_thumb
kylxkgg_17880802_02_01.jpg,/objects/kylxkgg_17880802_02_01.jpg,/objects/small/kylxkgg_17880802_02_01_sm.jpg,/objects/thumbs/kylxkgg_17880802_02_01_th.jpg
kylxkgg_17880329_01_01.jpg,/objects/kylxkgg_17880329_01_01.jpg,/objects/small/kylxkgg_17880329_01_01_sm.jpg,/objects/thumbs/kylxkgg_17880329_01_01_th.jpg
kylxkgg_17880322_01_01.jpg,/objects/kylxkgg_17880322_01_01.jpg,/objects/small/kylxkgg_17880322_01_01_sm.jpg,/objects/thumbs/kylxkgg_17880322_01_01_th.jpg
kylxkgg_17880712_01_01.jpg,/objects/kylxkgg_17880712_01_01.jpg,/objects/small/kylxkgg_17880712_01_01_sm.jpg,/objects/thumbs/kylxkgg_17880712_01_01_th.jpg
kylxkgg_17880913_02_01.jpg,/objects/kylxkgg_17880913_02_01.jpg,/objects/small/kylxkgg_17880913_02_01_sm.jpg,/objects/thumbs/kylxkgg_17880913_02_01_th.jpg
kylxkgg_17880719_01_01.jpg,/objects/kylxkgg_17880719_01_01.jpg,/objects/small/kylxkgg_17880719_01_01_sm.jpg,/objects/thumbs/kylxkgg_17880719_01_01_th.jpg
kylxkgg_17880315_ 02_01.jpg,/objects/kylxkgg_17880315_ 02_01.jpg,/objects/small/kylxkgg_17880315_ 02_01_sm.jpg,/objects/thumbs/kylxkgg_17880315_ 02_01_th.jpg
kydawkt_18640408_04_01.jpg,/objects/kydawkt_18640408_04_01.jpg,/objects/small/kydawkt_18640408_04_01_sm.jpg,/objects/thumbs/kydawkt_18640408_04_01_th.jpg
kydawkt_18580122_01_01.jpg,/objects/kydawkt_18580122_01_01.jpg,/objects/small/kydawkt_18580122_01_01_sm.jpg,/objects/thumbs/kydawkt_18580122_01_01_th.jpg
kylxkgg_17880809_01_01.jpg,/objects/kylxkgg_17880809_01_01.jpg,/objects/small/kylxkgg_17880809_01_01_sm.jpg,/objects/thumbs/kylxkgg_17880809_01_01_th.jpg
kydawkt_18640408_04_02.jpg,/objects/kydawkt_18640408_04_02.jpg,/objects/small/kydawkt_18640408_04_02_sm.jpg,/objects/thumbs/kydawkt_18640408_04_02_th.jpg
kylxkgg_17880322_02_01.jpg,/objects/kylxkgg_17880322_02_01.jpg,/objects/small/kylxkgg_17880322_02_01_sm.jpg,/objects/thumbs/kylxkgg_17880322_02_01_th.jpg
kyrifar_18331024_04_01.jpg,/objects/kyrifar_18331024_04_01.jpg,/objects/small/kyrifar_18331024_04_01_sm.jpg,/objects/thumbs/kyrifar_18331024_04_01_th.jpg
kylxkgg_17880329_02_01.jpg,/objects/kylxkgg_17880329_02_01.jpg,/objects/small/kylxkgg_17880329_02_01_sm.jpg,/objects/thumbs/kylxkgg_17880329_02_01_th.jpg
kylxkgg_17880823_01_01.jpg,/objects/kylxkgg_17880823_01_01.jpg,/objects/small/kylxkgg_17880823_01_01_sm.jpg,/objects/thumbs/kylxkgg_17880823_01_01_th.jpg
kylxkgg_17880816_01_01.jpg,/objects/kylxkgg_17880816_01_01.jpg,/objects/small/kylxkgg_17880816_01_01_sm.jpg,/objects/thumbs/kylxkgg_17880816_01_01_th.jpg
kylxkgg_17880705_ 01_01.jpg,/objects/kylxkgg_17880705_ 01_01.jpg,/objects/small/kylxkgg_17880705_ 01_01_sm.jpg,/objects/thumbs/kylxkgg_17880705_ 01_01_th.jpg
kylxkgg_17880927_01_01.jpg,/objects/kylxkgg_17880927_01_01.jpg,/objects/small/kylxkgg_17880927_01_01_sm.jpg,/objects/thumbs/kylxkgg_17880927_01_01_th.jpg
kydawkt_18640408_02_01.jpg,/objects/kydawkt_18640408_02_01.jpg,/objects/small/kydawkt_18640408_02_01_sm.jpg,/objects/thumbs/kydawkt_18640408_02_01_th.jpg
kylxkgg_17881011_02_01.jpg,/objects/kylxkgg_17881011_02_01.jpg,/objects/small/kylxkgg_17881011_02_01_sm.jpg,/objects/thumbs/kylxkgg_17881011_02_01_th.jpg
